Date,USD_quant,USD
2015-03-30,1,185.5
2015-03-31,1,185.65
2015-04-01,1,185.65
2015-04-02,1,185.65
2015-04-03,1,185.65
2015-04-04,1,185.65
2015-04-05,1,185.65
2015-04-06,1,185.65
2015-04-07,1,185.65
2015-04-08,1,185.65
2015-04-09,1,185.65
2015-04-10,1,185.65
2015-04-11,1,185.65
2015-04-12,1,185.65
2015-04-13,1,185.65
2015-04-14,1,185.65
2015-04-15,1,185.8
2015-04-16,1,185.8
2015-04-17,1,185.8
2015-04-18,1,185.8
2015-04-19,1,185.8
2015-04-20,1,185.8
2015-04-21,1,185.8
2015-04-22,1,185.8
2015-04-23,1,185.8
2015-04-24,1,185.8
2015-04-25,1,185.8
2015-04-26,1,185.8
2015-04-27,1,185.8
2015-04-28,1,185.8
2015-04-29,1,185.8
2015-04-30,1,185.8
2015-05-01,1,185.8
2015-05-02,1,185.8
2015-05-03,1,185.8
2015-05-04,1,185.8
2015-05-05,1,185.8
2015-05-06,1,185.8
2015-05-07,1,185.8
2015-05-08,1,185.8
2015-05-09,1,185.8
2015-05-10,1,185.8
2015-05-11,1,185.8
2015-05-12,1,185.8
2015-05-13,1,185.8
2015-05-14,1,185.8
2015-05-15,1,185.8
2015-05-16,1,185.8
2015-05-17,1,185.8
2015-05-18,1,185.8
2015-05-19,1,185.8
2015-05-20,1,185.8
2015-05-21,1,185.8
2015-05-22,1,185.8
2015-05-23,1,185.8
2015-05-24,1,185.8
2015-05-25,1,185.8
2015-05-26,1,185.8
2015-05-27,1,185.8
2015-05-28,1,185.8
2015-05-29,1,185.8
2015-05-30,1,185.95
2015-05-31,1,185.95
2015-06-01,1,185.95
2015-06-02,1,185.95
2015-06-03,1,185.95
2015-06-04,1,185.95
2015-06-05,1,185.95
2015-06-06,1,185.95
2015-06-07,1,185.95
2015-06-08,1,185.95
2015-06-09,1,185.95
2015-06-10,1,185.95
2015-06-11,1,186.05
2015-06-12,1,186.05
2015-06-13,1,186.05
2015-06-14,1,186.05
2015-06-15,1,186.05
2015-06-16,1,186.05
2015-06-17,1,186.05
2015-06-18,1,186.05
2015-06-19,1,186.05
2015-06-20,1,186.05
2015-06-21,1,186.05
2015-06-22,1,186.05
2015-06-23,1,186.05
2015-06-24,1,186.05
2015-06-25,1,186.2
2015-06-26,1,186.2
2015-06-27,1,186.2
2015-06-28,1,186.2
2015-06-29,1,186.2
2015-06-30,1,186.2
2015-07-01,1,186.2
2015-07-02,1,186.2
2015-07-03,1,186.2
2015-07-04,1,186.2
2015-07-05,1,186.2
2015-07-06,1,186.2
2015-07-07,1,186.2
2015-07-08,1,186.2
2015-07-09,1,186.35
2015-07-10,1,186.35
2015-07-11,1,186.55
2015-07-12,1,186.55
2015-07-13,1,186.55
2015-07-14,1,186.8
2015-07-15,1,186.8
2015-07-16,1,187.05
2015-07-17,1,187.05
2015-07-18,1,187.05
2015-07-19,1,187.05
2015-07-20,1,187.05
2015-07-21,1,187.05
2015-07-22,1,187.05
2015-07-23,1,187.05
2015-07-24,1,187.05
2015-07-25,1,187.05
2015-07-26,1,187.05
2015-07-27,1,187.05
2015-07-28,1,187.25
2015-07-29,1,187.25
2015-07-30,1,187.45
2015-07-31,1,187.45
2015-08-01,1,187.45
2015-08-02,1,187.45
2015-08-03,1,187.45
2015-08-04,1,187.45
2015-08-05,1,187.65
2015-08-06,1,187.65
2015-08-07,1,187.65
2015-08-08,1,187.65
2015-08-09,1,187.65
2015-08-10,1,187.65
2015-08-11,1,187.85
2015-08-12,1,187.85
2015-08-13,1,187.85
2015-08-14,1,188.05
2015-08-15,1,188.05
2015-08-16,1,188.05
2015-08-17,1,188.05
2015-08-18,1,188.35
2015-08-19,1,188.35
2015-08-20,1,188.38
2015-08-21,1,255.26
2015-08-22,1,252.47
2015-08-23,1,252.47
2015-08-24,1,252.47
2015-08-25,1,218.61
2015-08-26,1,230.11
2015-08-27,1,243.99
2015-08-28,1,241.76
2015-08-29,1,237.66
2015-08-30,1,237.66
2015-08-31,1,237.66
2015-09-01,1,237.66
2015-09-02,1,234.94
2015-09-03,1,241.15
2015-09-04,1,239.76
2015-09-05,1,239.6
2015-09-06,1,239.6
2015-09-07,1,239.6
2015-09-08,1,243.1
2015-09-09,1,245.02
2015-09-10,1,245.23
2015-09-11,1,253
2015-09-12,1,252.14
2015-09-13,1,252.14
2015-09-14,1,252.14
2015-09-15,1,273.55
2015-09-16,1,276.83
2015-09-17,1,283.98
2015-09-18,1,270.11
2015-09-19,1,270.69
2015-09-20,1,270.69
2015-09-21,1,270.69
2015-09-22,1,270.46
2015-09-23,1,269.96
2015-09-24,1,264.12
2015-09-25,1,264.12
2015-09-26,1,269.81
2015-09-27,1,269.81
2015-09-28,1,269.81
2015-09-29,1,269.99
2015-09-30,1,270.4
2015-10-01,1,270.89
2015-10-02,1,270.9
2015-10-03,1,271.05
2015-10-04,1,271.05
2015-10-05,1,271.05
2015-10-06,1,271.5
2015-10-07,1,272.95
2015-10-08,1,273.53
2015-10-09,1,274
2015-10-10,1,274.41
2015-10-11,1,274.41
2015-10-12,1,274.41
2015-10-13,1,274.95
2015-10-14,1,275.47
2015-10-15,1,275.99
2015-10-16,1,277.05
2015-10-17,1,276.1
2015-10-18,1,276.1
2015-10-19,1,276.1
2015-10-20,1,276.88
2015-10-21,1,277.1
2015-10-22,1,277.51
2015-10-23,1,278.21
2015-10-24,1,277.51
2015-10-25,1,277.51
2015-10-26,1,277.51
2015-10-27,1,278.55
2015-10-28,1,278.92
2015-10-29,1,279.21
2015-10-30,1,279.21
2015-10-31,1,279.18
2015-11-01,1,279.18
2015-11-02,1,279.18
2015-11-03,1,280.37
2015-11-04,1,282.7
2015-11-05,1,284.28
2015-11-06,1,298.92
2015-11-07,1,307.53
2015-11-08,1,307.53
2015-11-09,1,307.53
2015-11-10,1,312.65
2015-11-11,1,306.74
2015-11-12,1,306.85
2015-11-13,1,306.57
2015-11-14,1,307.73
2015-11-15,1,307.73
2015-11-16,1,307.73
2015-11-17,1,308.36
2015-11-18,1,307.62
2015-11-19,1,307.68
2015-11-20,1,307.4
2015-11-21,1,307.32
2015-11-22,1,307.32
2015-11-23,1,307.32
2015-11-24,1,307.21
2015-11-25,1,307.13
2015-11-26,1,307.08
2015-11-27,1,307.21
2015-11-28,1,307.2
2015-11-29,1,307.2
2015-11-30,1,307.2
2015-12-01,1,307.4
2015-12-02,1,307.4
2015-12-03,1,307.76
2015-12-04,1,307.93
2015-12-05,1,307.08
2015-12-06,1,307.08
2015-12-07,1,307.08
2015-12-08,1,307.04
2015-12-09,1,307.87
2015-12-10,1,309.12
2015-12-11,1,310.37
2015-12-12,1,311.92
2015-12-13,1,311.92
2015-12-14,1,311.92
2015-12-15,1,322.47
2015-12-16,1,337.8
2015-12-17,1,337.8
2015-12-18,1,337.8
2015-12-19,1,341.94
2015-12-20,1,341.94
2015-12-21,1,341.94
2015-12-22,1,349.12
2015-12-23,1,336.66
2015-12-24,1,331.59
2015-12-25,1,325.8
2015-12-26,1,326.38
2015-12-27,1,326.38
2015-12-28,1,326.38
2015-12-29,1,331.38
2015-12-30,1,337.66
2015-12-31,1,339.47
2016-01-01,1,340.01
2016-01-02,1,340.01
2016-01-03,1,340.01
2016-01-04,1,340.01
2016-01-05,1,340.01
2016-01-06,1,343.14
2016-01-07,1,345.01
2016-01-08,1,345.01
2016-01-09,1,351.88
2016-01-10,1,351.88
2016-01-11,1,351.88
2016-01-12,1,356.88
2016-01-13,1,365.07
2016-01-14,1,364.89
2016-01-15,1,365.23
2016-01-16,1,360.9
2016-01-17,1,360.9
2016-01-18,1,360.9
2016-01-19,1,374.31
2016-01-20,1,377.7
2016-01-21,1,374.6
2016-01-22,1,383.91
2016-01-23,1,381.16
2016-01-24,1,381.16
2016-01-25,1,381.16
2016-01-26,1,372.89
2016-01-27,1,380.3
2016-01-28,1,375.49
2016-01-29,1,371.55
2016-01-30,1,364.79
2016-01-31,1,364.79
2016-02-01,1,364.79
2016-02-02,1,360.45
2016-02-03,1,369.15
2016-02-04,1,375.25
2016-02-05,1,363.34
2016-02-06,1,363.72
2016-02-07,1,363.72
2016-02-08,1,363.72
2016-02-09,1,359.89
2016-02-10,1,360.37
2016-02-11,1,362.23
2016-02-12,1,360.31
2016-02-13,1,368.17
2016-02-14,1,368.17
2016-02-15,1,368.17
2016-02-16,1,362.1
2016-02-17,1,357.71
2016-02-18,1,359.23
2016-02-19,1,350.58
2016-02-20,1,355.45
2016-02-21,1,355.45
2016-02-22,1,355.45
2016-02-23,1,351.77
2016-02-24,1,348.69
2016-02-25,1,348.96
2016-02-26,1,350.25
2016-02-27,1,349.82
2016-02-28,1,349.82
2016-02-29,1,349.82
2016-03-01,1,348.78
2016-03-02,1,347.96
2016-03-03,1,346.56
2016-03-04,1,345.65
2016-03-05,1,345.22
2016-03-06,1,345.02
2016-03-07,1,345.02
2016-03-08,1,345.02
2016-03-09,1,345.02
2016-03-10,1,344.8
2016-03-11,1,344.19
2016-03-12,1,343.92
2016-03-13,1,343.92
2016-03-14,1,343.92
2016-03-15,1,343.32
2016-03-16,1,343.23
2016-03-17,1,346.61
2016-03-18,1,346.05
2016-03-19,1,345.73
2016-03-20,1,345.73
2016-03-21,1,345.73
2016-03-22,1,345.73
2016-03-23,1,345.73
2016-03-24,1,345.73
2016-03-25,1,346.97
2016-03-26,1,343.83
2016-03-27,1,343.83
2016-03-28,1,343.83
2016-03-29,1,340.15
2016-03-30,1,341.51
2016-03-31,1,343.06
2016-04-01,1,343.62
2016-04-02,1,342.49
2016-04-03,1,342.49
2016-04-04,1,342.49
2016-04-05,1,344
2016-04-06,1,345.52
2016-04-07,1,344.54
2016-04-08,1,341.19
2016-04-09,1,340.31
2016-04-10,1,340.31
2016-04-11,1,340.31
2016-04-12,1,336.87
2016-04-13,1,335.64
2016-04-14,1,333.76
2016-04-15,1,334.7
2016-04-16,1,334.41
2016-04-17,1,334.41
2016-04-18,1,334.41
2016-04-19,1,340.23
2016-04-20,1,337.99
2016-04-21,1,337.14
2016-04-22,1,332.51
2016-04-23,1,334.59
2016-04-24,1,334.59
2016-04-25,1,334.59
2016-04-26,1,333.81
2016-04-27,1,333.26
2016-04-28,1,331.08
2016-04-29,1,330.41
2016-04-30,1,327.66
2016-05-01,1,327.66
2016-05-02,1,327.66
2016-05-03,1,327.66
2016-05-04,1,329.21
2016-05-05,1,332.51
2016-05-06,1,335.71
2016-05-07,1,334.6
2016-05-08,1,334.6
2016-05-09,1,334.6
2016-05-10,1,334.6
2016-05-11,1,334.6
2016-05-12,1,333.23
2016-05-13,1,329.79
2016-05-14,1,329.11
2016-05-15,1,329.11
2016-05-16,1,329.11
2016-05-17,1,327.88
2016-05-18,1,328.07
2016-05-19,1,329.89
2016-05-20,1,334.89
2016-05-21,1,335.01
2016-05-22,1,335.01
2016-05-23,1,335.01
2016-05-24,1,336.37
2016-05-25,1,336.48
2016-05-26,1,336.24
2016-05-27,1,333.09
2016-05-28,1,335.48
2016-05-29,1,335.48
2016-05-30,1,335.48
2016-05-31,1,336.73
2016-06-01,1,335.84
2016-06-02,1,336.86
2016-06-03,1,337.71
2016-06-04,1,337.77
2016-06-05,1,337.77
2016-06-06,1,337.77
2016-06-07,1,335.1
2016-06-08,1,333.88
2016-06-09,1,331.59
2016-06-10,1,330.16
2016-06-11,1,333.97
2016-06-12,1,333.97
2016-06-13,1,333.97
2016-06-14,1,335.81
2016-06-15,1,337.65
2016-06-16,1,338.75
2016-06-17,1,337.96
2016-06-18,1,338.59
2016-06-19,1,338.59
2016-06-20,1,338.59
2016-06-21,1,335.89
2016-06-22,1,335.87
2016-06-23,1,336.73
2016-06-24,1,336.63
2016-06-25,1,339.69
2016-06-26,1,339.69
2016-06-27,1,339.69
2016-06-28,1,339.1
2016-06-29,1,339.12
2016-06-30,1,338.87
2016-07-01,1,338.66
2016-07-02,1,338.04
2016-07-03,1,338.04
2016-07-04,1,338.04
2016-07-05,1,337.39
2016-07-06,1,337.07
2016-07-07,1,337.07
2016-07-08,1,337.26
2016-07-09,1,338.46
2016-07-10,1,338.46
2016-07-11,1,338.46
2016-07-12,1,337.71
2016-07-13,1,338.51
2016-07-14,1,338.35
2016-07-15,1,338.95
2016-07-16,1,338.52
2016-07-17,1,338.52
2016-07-18,1,338.52
2016-07-19,1,338.88
2016-07-20,1,338.72
2016-07-21,1,339.9
2016-07-22,1,342.23
2016-07-23,1,341.51
2016-07-24,1,341.51
2016-07-25,1,341.51
2016-07-26,1,343.88
2016-07-27,1,350.2
2016-07-28,1,352.13
2016-07-29,1,352.75
2016-07-30,1,352.25
2016-07-31,1,352.25
2016-08-01,1,352.25
2016-08-02,1,352.1
2016-08-03,1,353.7
2016-08-04,1,354.01
2016-08-05,1,352.06
2016-08-06,1,348.97
2016-08-07,1,348.97
2016-08-08,1,348.97
2016-08-09,1,348.35
2016-08-10,1,345.89
2016-08-11,1,346.42
2016-08-12,1,347.18
2016-08-13,1,344.46
2016-08-14,1,344.46
2016-08-15,1,344.46
2016-08-16,1,343.39
2016-08-17,1,343.73
2016-08-18,1,341.2
2016-08-19,1,340.09
2016-08-20,1,338.51
2016-08-21,1,338.51
2016-08-22,1,338.51
2016-08-23,1,338.82
2016-08-24,1,341
2016-08-25,1,338.83
2016-08-26,1,339.5
2016-08-27,1,338.73
2016-08-28,1,338.73
2016-08-29,1,338.73
2016-08-30,1,338.98
2016-08-31,1,338.98
2016-09-01,1,340.1
2016-09-02,1,341.06
2016-09-03,1,341.97
2016-09-04,1,341.97
2016-09-05,1,341.97
2016-09-06,1,340.9
2016-09-07,1,339.8
2016-09-08,1,337.57
2016-09-09,1,337.16
2016-09-10,1,337.41
2016-09-11,1,337.41
2016-09-12,1,337.41
2016-09-13,1,337.41
2016-09-14,1,337.64
2016-09-15,1,338.86
2016-09-16,1,339.5
2016-09-17,1,339.5
2016-09-18,1,339.5
2016-09-19,1,339.5
2016-09-20,1,339.35
2016-09-21,1,339.4
2016-09-22,1,338.96
2016-09-23,1,337.78
2016-09-24,1,337.37
2016-09-25,1,337.37
2016-09-26,1,337.37
2016-09-27,1,337.56
2016-09-28,1,337.16
2016-09-29,1,336.99
2016-09-30,1,334.93
2016-10-01,1,335.46
2016-10-02,1,335.46
2016-10-03,1,335.46
2016-10-04,1,335.09
2016-10-05,1,333.59
2016-10-06,1,332.75
2016-10-07,1,332.69
2016-10-08,1,331.41
2016-10-09,1,331.41
2016-10-10,1,331.41
2016-10-11,1,332.14
2016-10-12,1,330.37
2016-10-13,1,330.71
2016-10-14,1,331.36
2016-10-15,1,331.01
2016-10-16,1,331.01
2016-10-17,1,331.01
2016-10-18,1,331.74
2016-10-19,1,332.12
2016-10-20,1,332.18
2016-10-21,1,330.56
2016-10-22,1,331.4
2016-10-23,1,331.4
2016-10-24,1,331.4
2016-10-25,1,330.24
2016-10-26,1,330.12
2016-10-27,1,331.18
2016-10-28,1,332.6
2016-10-29,1,333.5
2016-10-30,1,333.5
2016-10-31,1,333.5
2016-11-01,1,335.12
2016-11-02,1,336
2016-11-03,1,337.66
2016-11-04,1,338.35
2016-11-05,1,338.84
2016-11-06,1,338.84
2016-11-07,1,338.84
2016-11-08,1,339.99
2016-11-09,1,339.75
2016-11-10,1,341.18
2016-11-11,1,338.33
2016-11-12,1,340.63
2016-11-13,1,340.63
2016-11-14,1,340.63
2016-11-15,1,343.23
2016-11-16,1,344.56
2016-11-17,1,340.05
2016-11-18,1,341.22
2016-11-19,1,341.07
2016-11-20,1,341.07
2016-11-21,1,341.07
2016-11-22,1,338.99
2016-11-23,1,335.48
2016-11-24,1,334.5
2016-11-25,1,335.69
2016-11-26,1,337.86
2016-11-27,1,337.86
2016-11-28,1,337.86
2016-11-29,1,340.24
2016-11-30,1,340.3
2016-12-01,1,341.44
2016-12-02,1,341.44
2016-12-03,1,335.71
2016-12-04,1,335.71
2016-12-05,1,335.71
2016-12-06,1,334.48
2016-12-07,1,335.61
2016-12-08,1,336.23
2016-12-09,1,334.89
2016-12-10,1,334.31
2016-12-11,1,334.31
2016-12-12,1,334.31
2016-12-13,1,331.12
2016-12-14,1,330.24
2016-12-15,1,331.25
2016-12-16,1,334.88
2016-12-17,1,334.88
2016-12-18,1,334.88
2016-12-19,1,334.88
2016-12-20,1,334.88
2016-12-21,1,334.79
2016-12-22,1,332.9
2016-12-23,1,332.09
2016-12-24,1,328.91
2016-12-25,1,328.91
2016-12-26,1,328.91
2016-12-27,1,332.88
2016-12-28,1,333.34
2016-12-29,1,332.61
2016-12-30,1,333.28
2016-12-31,1,333.29
2017-01-01,1,333.29
2017-01-02,1,333.29
2017-01-03,1,333.29
2017-01-04,1,333.29
2017-01-05,1,334.51
2017-01-06,1,332.56
2017-01-07,1,330.67
2017-01-08,1,330.67
2017-01-09,1,330.67
2017-01-10,1,330.54
2017-01-11,1,332.85
2017-01-12,1,333.96
2017-01-13,1,331.85
2017-01-14,1,332.06
2017-01-15,1,332.06
2017-01-16,1,332.06
2017-01-17,1,333.25
2017-01-18,1,332.68
2017-01-19,1,330.55
2017-01-20,1,331.08
2017-01-21,1,331.87
2017-01-22,1,331.87
2017-01-23,1,331.87
2017-01-24,1,331.42
2017-01-25,1,328.49
2017-01-26,1,327.86
2017-01-27,1,328.28
2017-01-28,1,328.73
2017-01-29,1,328.73
2017-01-30,1,328.73
2017-01-31,1,326.25
2017-02-01,1,324.24
2017-02-02,1,324.36
2017-02-03,1,325
2017-02-04,1,322.92
2017-02-05,1,322.92
2017-02-06,1,322.92
2017-02-07,1,321.8
2017-02-08,1,323.05
2017-02-09,1,324.62
2017-02-10,1,323.96
2017-02-11,1,323.3
2017-02-12,1,323.3
2017-02-13,1,323.3
2017-02-14,1,321.95
2017-02-15,1,322.49
2017-02-16,1,320.7
2017-02-17,1,319.42
2017-02-18,1,318.61
2017-02-19,1,318.61
2017-02-20,1,318.61
2017-02-21,1,319.19
2017-02-22,1,317.26
2017-02-23,1,314.09
2017-02-24,1,312.65
2017-02-25,1,311.49
2017-02-26,1,311.49
2017-02-27,1,311.49
2017-02-28,1,312.47
2017-03-01,1,312.76
2017-03-02,1,313.79
2017-03-03,1,315
2017-03-04,1,317.46
2017-03-05,1,317.46
2017-03-06,1,317.46
2017-03-07,1,316.26
2017-03-08,1,315.16
2017-03-09,1,315.16
2017-03-10,1,316.81
2017-03-11,1,317.97
2017-03-12,1,317.97
2017-03-13,1,317.97
2017-03-14,1,318.07
2017-03-15,1,317.96
2017-03-16,1,319.02
2017-03-17,1,317.63
2017-03-18,1,315.05
2017-03-19,1,315.55
2017-03-20,1,315.55
2017-03-21,1,315.55
2017-03-22,1,315.55
2017-03-23,1,315.55
2017-03-24,1,315.55
2017-03-25,1,316.56
2017-03-26,1,316.56
2017-03-27,1,316.56
2017-03-28,1,315.43
2017-03-29,1,314.83
2017-03-30,1,315.15
2017-03-31,1,314.79
2017-04-01,1,313.73
2017-04-02,1,313.73
2017-04-03,1,313.73
2017-04-04,1,313.49
2017-04-05,1,312.69
2017-04-06,1,312.08
2017-04-07,1,312.94
2017-04-08,1,313.02
2017-04-09,1,313.02
2017-04-10,1,313.02
2017-04-11,1,313.21
2017-04-12,1,311.37
2017-04-13,1,311.76
2017-04-14,1,311.71
2017-04-15,1,310.87
2017-04-16,1,310.87
2017-04-17,1,310.87
2017-04-18,1,310.81
2017-04-19,1,310.66
2017-04-20,1,311.46
2017-04-21,1,312.38
2017-04-22,1,312.74
2017-04-23,1,312.74
2017-04-24,1,312.74
2017-04-25,1,311.89
2017-04-26,1,311.58
2017-04-27,1,312.44
2017-04-28,1,313.9
2017-04-29,1,314.4
2017-04-30,1,314.4
2017-05-01,1,314.4
2017-05-02,1,314.4
2017-05-03,1,315.22
2017-05-04,1,315.35
2017-05-05,1,315.68
2017-05-06,1,318.09
2017-05-07,1,318.09
2017-05-08,1,318.09
2017-05-09,1,318.09
2017-05-10,1,318.09
2017-05-11,1,318.43
2017-05-12,1,316.25
2017-05-13,1,315.5
2017-05-14,1,315.5
2017-05-15,1,315.5
2017-05-16,1,313.52
2017-05-17,1,312.04
2017-05-18,1,313.18
2017-05-19,1,313.54
2017-05-20,1,312.55
2017-05-21,1,312.55
2017-05-22,1,312.55
2017-05-23,1,310.7
2017-05-24,1,310.83
2017-05-25,1,311.2
2017-05-26,1,310.57
2017-05-27,1,311.59
2017-05-28,1,311.59
2017-05-29,1,311.59
2017-05-30,1,310.4
2017-05-31,1,311.23
2017-06-01,1,312.26
2017-06-02,1,312.35
2017-06-03,1,313.17
2017-06-04,1,313.17
2017-06-05,1,313.17
2017-06-06,1,312.84
2017-06-07,1,312.99
2017-06-08,1,312.65
2017-06-09,1,314.11
2017-06-10,1,315.18
2017-06-11,1,315.18
2017-06-12,1,315.18
2017-06-13,1,316.39
2017-06-14,1,315.96
2017-06-15,1,316.27
2017-06-16,1,317.65
2017-06-17,1,319.7
2017-06-18,1,319.7
2017-06-19,1,319.7
2017-06-20,1,319.56
2017-06-21,1,321.72
2017-06-22,1,326.28
2017-06-23,1,327.63
2017-06-24,1,326.88
2017-06-25,1,326.88
2017-06-26,1,326.88
2017-06-27,1,325
2017-06-28,1,322.01
2017-06-29,1,323.13
2017-06-30,1,321.46
2017-07-01,1,322.27
2017-07-02,1,320
2017-07-03,1,320
2017-07-04,1,320.44
2017-07-05,1,322.37
2017-07-06,1,323.94
2017-07-07,1,323.94
2017-07-08,1,323.94
2017-07-09,1,323.94
2017-07-10,1,323.94
2017-07-11,1,326.44
2017-07-12,1,327.2
2017-07-13,1,328.52
2017-07-14,1,327.56
2017-07-15,1,326.72
2017-07-16,1,326.72
2017-07-17,1,326.72
2017-07-18,1,325.62
2017-07-19,1,325.91
2017-07-20,1,326.02
2017-07-21,1,325.56
2017-07-22,1,324.98
2017-07-23,1,324.98
2017-07-24,1,324.98
2017-07-25,1,326.7
2017-07-26,1,326.97
2017-07-27,1,326.66
2017-07-28,1,325.58
2017-07-29,1,326.74
2017-07-30,1,326.74
2017-07-31,1,326.74
2017-08-01,1,328.07
2017-08-02,1,330.07
2017-08-03,1,335.21
2017-08-04,1,335.71
2017-08-05,1,333.36
2017-08-06,1,333.36
2017-08-07,1,333.36
2017-08-08,1,331.67
2017-08-09,1,332.19
2017-08-10,1,332.39
2017-08-11,1,332.69
2017-08-12,1,333.17
2017-08-13,1,333.17
2017-08-14,1,333.17
2017-08-15,1,332.42
2017-08-16,1,332.91
2017-08-17,1,332.7
2017-08-18,1,332.68
2017-08-19,1,332.8
2017-08-20,1,332.8
2017-08-21,1,332.8
2017-08-22,1,332.58
2017-08-23,1,333.08
2017-08-24,1,333.32
2017-08-25,1,331.22
2017-08-26,1,332.85
2017-08-27,1,332.85
2017-08-28,1,332.85
2017-08-29,1,333.44
2017-08-30,1,334.7
2017-08-31,1,334.7
2017-09-01,1,337.04
2017-09-02,1,337.04
2017-09-03,1,337.04
2017-09-04,1,337.04
2017-09-05,1,338.22
2017-09-06,1,340.58
2017-09-07,1,341.22
2017-09-08,1,336.66
2017-09-09,1,334.29
2017-09-10,1,334.29
2017-09-11,1,334.29
2017-09-12,1,336.49
2017-09-13,1,338.67
2017-09-14,1,340
2017-09-15,1,338.08
2017-09-16,1,338.9
2017-09-17,1,338.9
2017-09-18,1,338.9
2017-09-19,1,340.02
2017-09-20,1,340.95
2017-09-21,1,341.61
2017-09-22,1,340.35
2017-09-23,1,340.11
2017-09-24,1,340.11
2017-09-25,1,340.11
2017-09-26,1,341.27
2017-09-27,1,339.68
2017-09-28,1,339.91
2017-09-29,1,340.43
2017-09-30,1,341.19
2017-10-01,1,341.19
2017-10-02,1,341.19
2017-10-03,1,341.24
2017-10-04,1,342.36
2017-10-05,1,343.61
2017-10-06,1,345
2017-10-07,1,343.66
2017-10-08,1,343.66
2017-10-09,1,343.66
2017-10-10,1,341.97
2017-10-11,1,337.48
2017-10-12,1,335.54
2017-10-13,1,334.25
2017-10-14,1,334.21
2017-10-15,1,334.21
2017-10-16,1,334.21
2017-10-17,1,333.03
2017-10-18,1,333.53
2017-10-19,1,333.57
2017-10-20,1,334.11
2017-10-21,1,335.24
2017-10-22,1,335.24
2017-10-23,1,335.24
2017-10-24,1,336.05
2017-10-25,1,334.94
2017-10-26,1,332.94
2017-10-27,1,333.87
2017-10-28,1,334.4
2017-10-29,1,334.4
2017-10-30,1,334.4
2017-10-31,1,334
2017-11-01,1,334.71
2017-11-02,1,335.14
2017-11-03,1,335.15
2017-11-04,1,334.1
2017-11-05,1,334.1
2017-11-06,1,334.1
2017-11-07,1,334.52
2017-11-08,1,332.9
2017-11-09,1,333.76
2017-11-10,1,332.99
2017-11-11,1,332.57
2017-11-12,1,332.57
2017-11-13,1,332.57
2017-11-14,1,332.74
2017-11-15,1,332.86
2017-11-16,1,332.72
2017-11-17,1,332.38
2017-11-18,1,332.21
2017-11-19,1,332.21
2017-11-20,1,332.21
2017-11-21,1,331
2017-11-22,1,330.29
2017-11-23,1,330.22
2017-11-24,1,330
2017-11-25,1,330.39
2017-11-26,1,330.39
2017-11-27,1,330.39
2017-11-28,1,330.65
2017-11-29,1,331.5
2017-11-30,1,331.61
2017-12-01,1,331.22
2017-12-02,1,331.22
2017-12-03,1,331.22
2017-12-04,1,331.22
2017-12-05,1,332.75
2017-12-06,1,332.99
2017-12-07,1,333.43
2017-12-08,1,334.85
2017-12-09,1,334.32
2017-12-10,1,334.32
2017-12-11,1,334.32
2017-12-12,1,335.05
2017-12-13,1,334.85
2017-12-14,1,335.38
2017-12-15,1,334.92
2017-12-16,1,335.33
2017-12-17,1,335.33
2017-12-18,1,335.33
2017-12-19,1,335.33
2017-12-20,1,335.33
2017-12-21,1,335.68
2017-12-22,1,334.13
2017-12-23,1,332.68
2017-12-24,1,332.68
2017-12-25,1,332.68
2017-12-26,1,333.32
2017-12-27,1,332.36
2017-12-28,1,331.38
2017-12-29,1,331.31
2017-12-30,1,332.33
2017-12-31,1,332.33
2018-01-01,1,332.33
2018-01-02,1,332.33
2018-01-03,1,332.33
2018-01-04,1,333.29
2018-01-05,1,332.42
2018-01-06,1,330.13
2018-01-07,1,330.13
2018-01-08,1,330.13
2018-01-09,1,330.43
2018-01-10,1,330.26
2018-01-11,1,330.16
2018-01-12,1,330.61
2018-01-13,1,329.67
2018-01-14,1,329.67
2018-01-15,1,329.67
2018-01-16,1,329.41
2018-01-17,1,327.89
2018-01-18,1,327.1
2018-01-19,1,325.2
2018-01-20,1,324.27
2018-01-21,1,324.27
2018-01-22,1,324.27
2018-01-23,1,324.65
2018-01-24,1,323.2
2018-01-25,1,321.07
2018-01-26,1,319.83
2018-01-27,1,320.66
2018-01-28,1,320.66
2018-01-29,1,320.66
2018-01-30,1,322.25
2018-01-31,1,322.43
2018-02-01,1,322.9
2018-02-02,1,322.73
2018-02-03,1,321.62
2018-02-04,1,321.62
2018-02-05,1,321.62
2018-02-06,1,322.33
2018-02-07,1,324.06
2018-02-08,1,323.84
2018-02-09,1,325.35
2018-02-10,1,327.32
2018-02-11,1,327.32
2018-02-12,1,327.32
2018-02-13,1,326.7
2018-02-14,1,324.21
2018-02-15,1,322.55
2018-02-16,1,320.42
2018-02-17,1,319.42
2018-02-18,1,319.42
2018-02-19,1,319.42
2018-02-20,1,319.32
2018-02-21,1,318.99
2018-02-22,1,319.88
2018-02-23,1,319.68
2018-02-24,1,319.65
2018-02-25,1,319.65
2018-02-26,1,319.65
2018-02-27,1,318.91
2018-02-28,1,318.68
2018-03-01,1,320.3
2018-03-02,1,321.34
2018-03-03,1,322.39
2018-03-04,1,322.2
2018-03-05,1,322.2
2018-03-06,1,321.26
2018-03-07,1,319.45
2018-03-08,1,320.19
2018-03-09,1,320.19
2018-03-10,1,320.19
2018-03-11,1,320.19
2018-03-12,1,320.19
2018-03-13,1,320.55
2018-03-14,1,321.6
2018-03-15,1,321.98
2018-03-16,1,321.78
2018-03-17,1,322.72
2018-03-18,1,322.72
2018-03-19,1,322.72
2018-03-20,1,320.6
2018-03-21,1,320.34
2018-03-22,1,320.34
2018-03-23,1,320.34
2018-03-24,1,320.34
2018-03-25,1,320.34
2018-03-26,1,320.34
2018-03-27,1,319.26
2018-03-28,1,318.9
2018-03-29,1,319.33
2018-03-30,1,319.02
2018-03-31,1,318.31
2018-04-01,1,318.31
2018-04-02,1,318.31
2018-04-03,1,319.24
2018-04-04,1,320.37
2018-04-05,1,319.88
2018-04-06,1,319.68
2018-04-07,1,319.66
2018-04-08,1,319.66
2018-04-09,1,319.66
2018-04-10,1,320.29
2018-04-11,1,325.37
2018-04-12,1,330.88
2018-04-13,1,329.61
2018-04-14,1,327.29
2018-04-15,1,327.29
2018-04-16,1,327.29
2018-04-17,1,330.02
2018-04-18,1,328.12
2018-04-19,1,327.87
2018-04-20,1,325.79
2018-04-21,1,326.17
2018-04-22,1,326.17
2018-04-23,1,326.17
2018-04-24,1,326.52
2018-04-25,1,325.8
2018-04-26,1,326.28
2018-04-27,1,327.92
2018-04-28,1,327.72
2018-04-29,1,327.25
2018-04-30,1,327.25
2018-05-01,1,327.25
2018-05-02,1,327.25
2018-05-03,1,329.99
2018-05-04,1,330.72
2018-05-05,1,328.99
2018-05-06,1,328.85
2018-05-07,1,328.85
2018-05-08,1,328.85
2018-05-09,1,328.85
2018-05-10,1,328.85
2018-05-11,1,327.63
2018-05-12,1,326.4
2018-05-13,1,326.4
2018-05-14,1,326.4
2018-05-15,1,327.85
2018-05-16,1,327.77
2018-05-17,1,329.16
2018-05-18,1,327.11
2018-05-19,1,328.31
2018-05-20,1,328.31
2018-05-21,1,328.31
2018-05-22,1,328.95
2018-05-23,1,327.11
2018-05-24,1,326
2018-05-25,1,325.75
2018-05-26,1,327.42
2018-05-27,1,327.42
2018-05-28,1,327.42
2018-05-29,1,329.81
2018-05-30,1,329.38
2018-05-31,1,330.67
2018-06-01,1,329.35
2018-06-02,1,330.78
2018-06-03,1,330.78
2018-06-04,1,330.78
2018-06-05,1,330.73
2018-06-06,1,330.91
2018-06-07,1,331.83
2018-06-08,1,333.08
2018-06-09,1,334.02
2018-06-10,1,334.02
2018-06-11,1,334.02
2018-06-12,1,333.8
2018-06-13,1,334.5
2018-06-14,1,335.67
2018-06-15,1,335.99
2018-06-16,1,336.39
2018-06-17,1,336.39
2018-06-18,1,336.39
2018-06-19,1,338.78
2018-06-20,1,339.95
2018-06-21,1,341.08
2018-06-22,1,341.18
2018-06-23,1,340.27
2018-06-24,1,340.27
2018-06-25,1,340.27
2018-06-26,1,339.5
2018-06-27,1,338.84
2018-06-28,1,340.44
2018-06-29,1,341.31
2018-06-30,1,341.08
2018-07-01,1,341.08
2018-07-02,1,341.08
2018-07-03,1,341.62
2018-07-04,1,343
2018-07-05,1,343.07
2018-07-06,1,343.38
2018-07-07,1,343.38
2018-07-08,1,343.38
2018-07-09,1,343.38
2018-07-10,1,343.48
2018-07-11,1,343.25
2018-07-12,1,343.11
2018-07-13,1,344.37
2018-07-14,1,343.45
2018-07-15,1,343.45
2018-07-16,1,343.45
2018-07-17,1,342.49
2018-07-18,1,343.06
2018-07-19,1,344.58
2018-07-20,1,345.55
2018-07-21,1,346.68
2018-07-22,1,346.68
2018-07-23,1,346.68
2018-07-24,1,345.68
2018-07-25,1,344.64
2018-07-26,1,346.31
2018-07-27,1,345.91
2018-07-28,1,346.15
2018-07-29,1,346.15
2018-07-30,1,346.15
2018-07-31,1,347.06
2018-08-01,1,346.7
2018-08-02,1,348.21
2018-08-03,1,349.68
2018-08-04,1,349.76
2018-08-05,1,349.76
2018-08-06,1,349.76
2018-08-07,1,348.8
2018-08-08,1,348.82
2018-08-09,1,348.59
2018-08-10,1,354.06
2018-08-11,1,356.8
2018-08-12,1,356.8
2018-08-13,1,356.8
2018-08-14,1,363.22
2018-08-15,1,363.28
2018-08-16,1,361.66
2018-08-17,1,360.87
2018-08-18,1,360.12
2018-08-19,1,360.12
2018-08-20,1,360.12
2018-08-21,1,360.71
2018-08-22,1,360.71
2018-08-23,1,361.66
2018-08-24,1,361.63
2018-08-25,1,360.55
2018-08-26,1,359.64
2018-08-27,1,359.64
2018-08-28,1,361.19
2018-08-29,1,361.31
2018-08-30,1,363.43
2018-08-31,1,363.43
2018-09-01,1,363.43
2018-09-02,1,363.43
2018-09-03,1,363.43
2018-09-04,1,365.23
2018-09-05,1,367.52
2018-09-06,1,369.89
2018-09-07,1,372.23
2018-09-08,1,375.62
2018-09-09,1,375.62
2018-09-10,1,375.62
2018-09-11,1,378.11
2018-09-12,1,380.93
2018-09-13,1,377.74
2018-09-14,1,375.31
2018-09-15,1,373.65
2018-09-16,1,373.65
2018-09-17,1,373.65
2018-09-18,1,371.86
2018-09-19,1,369.36
2018-09-20,1,361.94
2018-09-21,1,359
2018-09-22,1,352.54
2018-09-23,1,352.54
2018-09-24,1,352.54
2018-09-25,1,354.12
2018-09-26,1,356.54
2018-09-27,1,359.76
2018-09-28,1,361.82
2018-09-29,1,363.07
2018-09-30,1,363.07
2018-10-01,1,363.07
2018-10-02,1,364.35
2018-10-03,1,360.65
2018-10-04,1,364.2
2018-10-05,1,367.2
2018-10-06,1,373.71
2018-10-07,1,373.71
2018-10-08,1,373.71
2018-10-09,1,372.27
2018-10-10,1,372.17
2018-10-11,1,368.7
2018-10-12,1,372
2018-10-13,1,370.03
2018-10-14,1,370.03
2018-10-15,1,370.03
2018-10-16,1,369.98
2018-10-17,1,366.86
2018-10-18,1,363.26
2018-10-19,1,364.35
2018-10-20,1,366.43
2018-10-21,1,366.43
2018-10-22,1,366.43
2018-10-23,1,365.49
2018-10-24,1,361.15
2018-10-25,1,365.82
2018-10-26,1,367.49
2018-10-27,1,368.54
2018-10-28,1,368.54
2018-10-29,1,368.54
2018-10-30,1,368.56
2018-10-31,1,368.55
2018-11-01,1,368.95
2018-11-02,1,370.44
2018-11-03,1,371.31
2018-11-04,1,371.31
2018-11-05,1,371.31
2018-11-06,1,371.88
2018-11-07,1,370.85
2018-11-08,1,371.19
2018-11-09,1,371.08
2018-11-10,1,372.65
2018-11-11,1,372.65
2018-11-12,1,372.65
2018-11-13,1,374.47
2018-11-14,1,374.2
2018-11-15,1,375.9
2018-11-16,1,369.01
2018-11-17,1,367.06
2018-11-18,1,367.06
2018-11-19,1,367.06
2018-11-20,1,367.3
2018-11-21,1,364.95
2018-11-22,1,368.28
2018-11-23,1,367.27
2018-11-24,1,366.05
2018-11-25,1,366.05
2018-11-26,1,366.05
2018-11-27,1,371.03
2018-11-28,1,372.83
2018-11-29,1,372.73
2018-11-30,1,371.28
2018-12-01,1,371.56
2018-12-02,1,371.56
2018-12-03,1,371.56
2018-12-04,1,371.56
2018-12-05,1,371.14
2018-12-06,1,371.8
2018-12-07,1,369.98
2018-12-08,1,370.49
2018-12-09,1,370.49
2018-12-10,1,370.49
2018-12-11,1,369.35
2018-12-12,1,370.55
2018-12-13,1,370.11
2018-12-14,1,370.04
2018-12-15,1,371.31
2018-12-16,1,371.31
2018-12-17,1,371.31
2018-12-18,1,371.31
2018-12-19,1,371.31
2018-12-20,1,372.49
2018-12-21,1,370.76
2018-12-22,1,371.35
2018-12-23,1,371.35
2018-12-24,1,371.35
2018-12-25,1,371.68
2018-12-26,1,371.08
2018-12-27,1,373.56
2018-12-28,1,375.15
2018-12-29,1,380.44
2018-12-30,1,384.2
2018-12-31,1,384.2
2019-01-01,1,384.2
2019-01-02,1,384.2
2019-01-03,1,384.2
2019-01-04,1,381.38
2019-01-05,1,378.12
2019-01-06,1,378.12
2019-01-07,1,378.12
2019-01-08,1,378.12
2019-01-09,1,373.66
2019-01-10,1,374.82
2019-01-11,1,374.63
2019-01-12,1,376.06
2019-01-13,1,376.06
2019-01-14,1,376.06
2019-01-15,1,378.29
2019-01-16,1,377.85
2019-01-17,1,377.95
2019-01-18,1,376.6
2019-01-19,1,378.66
2019-01-20,1,378.66
2019-01-21,1,378.66
2019-01-22,1,378.78
2019-01-23,1,378.14
2019-01-24,1,378.54
2019-01-25,1,377.73
2019-01-26,1,377.46
2019-01-27,1,377.46
2019-01-28,1,377.46
2019-01-29,1,378.6
2019-01-30,1,380.66
2019-01-31,1,380.51
2019-02-01,1,380.06
2019-02-02,1,382.74
2019-02-03,1,382.74
2019-02-04,1,382.74
2019-02-05,1,382.23
2019-02-06,1,379.63
2019-02-07,1,376.59
2019-02-08,1,377.97
2019-02-09,1,378.73
2019-02-10,1,378.73
2019-02-11,1,378.73
2019-02-12,1,375.53
2019-02-13,1,374.81
2019-02-14,1,373.56
2019-02-15,1,376.37
2019-02-16,1,377.62
2019-02-17,1,377.62
2019-02-18,1,377.62
2019-02-19,1,376.26
2019-02-20,1,376.3
2019-02-21,1,376.09
2019-02-22,1,375.95
2019-02-23,1,376.73
2019-02-24,1,376.73
2019-02-25,1,376.73
2019-02-26,1,376.17
2019-02-27,1,378.04
2019-02-28,1,377.26
2019-03-01,1,374.96
2019-03-02,1,375.9
2019-03-03,1,375.9
2019-03-04,1,375.9
2019-03-05,1,376.65
2019-03-06,1,377.37
2019-03-07,1,377.95
2019-03-08,1,379.42
2019-03-09,1,379.42
2019-03-10,1,379.42
2019-03-11,1,379.42
2019-03-12,1,379.48
2019-03-13,1,377.99
2019-03-14,1,377.74
2019-03-15,1,377.36
2019-03-16,1,378.51
2019-03-17,1,378.51
2019-03-18,1,378.51
2019-03-19,1,375.9
2019-03-20,1,376.4
2019-03-21,1,378.17
2019-03-22,1,378.17
2019-03-23,1,378.17
2019-03-24,1,378.17
2019-03-25,1,378.17
2019-03-26,1,378.17
2019-03-27,1,377.65
2019-03-28,1,378.36
2019-03-29,1,380.06
2019-03-30,1,380.04
2019-03-31,1,380.04
2019-04-01,1,380.04
2019-04-02,1,379.95
2019-04-03,1,379.66
2019-04-04,1,379.16
2019-04-05,1,378.29
2019-04-06,1,379.84
2019-04-07,1,379.84
2019-04-08,1,379.84
2019-04-09,1,380.55
2019-04-10,1,379.77
2019-04-11,1,379.33
2019-04-12,1,377.96
2019-04-13,1,379.59
2019-04-14,1,379.59
2019-04-15,1,379.59
2019-04-16,1,379.56
2019-04-17,1,379.96
2019-04-18,1,379.36
2019-04-19,1,379.19
2019-04-20,1,379.29
2019-04-21,1,379.29
2019-04-22,1,379.29
2019-04-23,1,377.11
2019-04-24,1,377.33
2019-04-25,1,378.56
2019-04-26,1,379.86
2019-04-27,1,380.89
2019-04-28,1,380.89
2019-04-29,1,380.89
2019-04-30,1,381.94
2019-05-01,1,381.08
2019-05-02,1,381.08
2019-05-03,1,380.89
2019-05-04,1,381.97
2019-05-05,1,380.5
2019-05-06,1,380.5
2019-05-07,1,380.58
2019-05-08,1,380.58
2019-05-09,1,380.53
2019-05-10,1,380.53
2019-05-11,1,380.53
2019-05-12,1,380.53
2019-05-13,1,380.53
2019-05-14,1,379.43
2019-05-15,1,379.7
2019-05-16,1,379.65
2019-05-17,1,378.94
2019-05-18,1,378.93
2019-05-19,1,378.93
2019-05-20,1,378.93
2019-05-21,1,378.9
2019-05-22,1,378.87
2019-05-23,1,379.01
2019-05-24,1,378.01
2019-05-25,1,379.36
2019-05-26,1,379.36
2019-05-27,1,379.36
2019-05-28,1,379.86
2019-05-29,1,380.3
2019-05-30,1,381.69
2019-05-31,1,381.37
2019-06-01,1,382.56
2019-06-02,1,382.56
2019-06-03,1,382.56
2019-06-04,1,383.94
2019-06-05,1,384.21
2019-06-06,1,384.2
2019-06-07,1,384.53
2019-06-08,1,383.34
2019-06-09,1,383.34
2019-06-10,1,383.34
2019-06-11,1,383.04
2019-06-12,1,383.75
2019-06-13,1,384.13
2019-06-14,1,384.51
2019-06-15,1,384.05
2019-06-16,1,384.05
2019-06-17,1,384.05
2019-06-18,1,383.43
2019-06-19,1,383.69
2019-06-20,1,382.38
2019-06-21,1,380.56
2019-06-22,1,377.18
2019-06-23,1,377.18
2019-06-24,1,377.18
2019-06-25,1,378.38
2019-06-26,1,378.83
2019-06-27,1,378.65
2019-06-28,1,379.85
2019-06-29,1,380.53
2019-06-30,1,380.53
2019-07-01,1,380.53
2019-07-02,1,380.67
2019-07-03,1,381.95
2019-07-04,1,383.99
2019-07-05,1,383.04
2019-07-06,1,383.53
2019-07-07,1,383.53
2019-07-08,1,383.53
2019-07-09,1,383.53
2019-07-10,1,384.23
2019-07-11,1,384.36
2019-07-12,1,383.1
2019-07-13,1,383.29
2019-07-14,1,383.29
2019-07-15,1,383.29
2019-07-16,1,383.43
2019-07-17,1,383.01
2019-07-18,1,383.98
2019-07-19,1,384.39
2019-07-20,1,384.87
2019-07-21,1,384.87
2019-07-22,1,384.87
2019-07-23,1,384.52
2019-07-24,1,384.06
2019-07-25,1,384.2
2019-07-26,1,384.8
2019-07-27,1,384.92
2019-07-28,1,384.92
2019-07-29,1,384.92
2019-07-30,1,385.1
2019-07-31,1,384.56
2019-08-01,1,384.2
2019-08-02,1,384.99
2019-08-03,1,385.76
2019-08-04,1,385.76
2019-08-05,1,385.76
2019-08-06,1,386.47
2019-08-07,1,386.94
2019-08-08,1,387.45
2019-08-09,1,387.73
2019-08-10,1,387.47
2019-08-11,1,387.47
2019-08-12,1,387.47
2019-08-13,1,387.43
2019-08-14,1,387.49
2019-08-15,1,386.16
2019-08-16,1,387.05
2019-08-17,1,386.82
2019-08-18,1,386.82
2019-08-19,1,386.82
2019-08-20,1,386.8
2019-08-21,1,386.91
2019-08-22,1,386.05
2019-08-23,1,386.04
2019-08-24,1,386.34
2019-08-25,1,386.34
2019-08-26,1,386.34
2019-08-27,1,386.91
2019-08-28,1,387.5
2019-08-29,1,387.55
2019-08-30,1,387.46
2019-08-31,1,387.46
2019-09-01,1,387.46
2019-09-02,1,387.46
2019-09-03,1,388.07
2019-09-04,1,388.28
2019-09-05,1,388.18
2019-09-06,1,387.73
2019-09-07,1,387.82
2019-09-08,1,387.82
2019-09-09,1,387.82
2019-09-10,1,386.51
2019-09-11,1,385.89
2019-09-12,1,386.34
2019-09-13,1,387.15
2019-09-14,1,386.71
2019-09-15,1,386.71
2019-09-16,1,386.71
2019-09-17,1,385.16
2019-09-18,1,385.42
2019-09-19,1,386.77
2019-09-20,1,387.34
2019-09-21,1,386.7
2019-09-22,1,386.7
2019-09-23,1,386.7
2019-09-24,1,385.96
2019-09-25,1,386.44
2019-09-26,1,387.62
2019-09-27,1,387.53
2019-09-28,1,387.63
2019-09-29,1,387.63
2019-09-30,1,387.63
2019-10-01,1,387.99
2019-10-02,1,388.47
2019-10-03,1,388.87
2019-10-04,1,389.23
2019-10-05,1,388.89
2019-10-06,1,388.89
2019-10-07,1,388.89
2019-10-08,1,389
2019-10-09,1,389.38
2019-10-10,1,390.09
2019-10-11,1,390.13
2019-10-12,1,389.52
2019-10-13,1,389.52
2019-10-14,1,389.52
2019-10-15,1,389.62
2019-10-16,1,389.59
2019-10-17,1,389.81
2019-10-18,1,389.94
2019-10-19,1,389.98
2019-10-20,1,389.98
2019-10-21,1,389.98
2019-10-22,1,389.86
2019-10-23,1,389.75
2019-10-24,1,388.96
2019-10-25,1,388.93
2019-10-26,1,388.92
2019-10-27,1,388.92
2019-10-28,1,388.92
2019-10-29,1,387.98
2019-10-30,1,387.92
2019-10-31,1,388.54
2019-11-01,1,388.67
2019-11-02,1,389.46
2019-11-03,1,389.46
2019-11-04,1,389.46
2019-11-05,1,388.19
2019-11-06,1,388.39
2019-11-07,1,388.86
2019-11-08,1,389.04
2019-11-09,1,388.29
2019-11-10,1,388.29
2019-11-11,1,388.29
2019-11-12,1,388.7
2019-11-13,1,388.81
2019-11-14,1,389.34
2019-11-15,1,388.49
2019-11-16,1,388.07
2019-11-17,1,388.07
2019-11-18,1,388.07
2019-11-19,1,387.14
2019-11-20,1,387.16
2019-11-21,1,387.37
2019-11-22,1,386.44
2019-11-23,1,385.01
2019-11-24,1,385.01
2019-11-25,1,385.01
2019-11-26,1,386.21
2019-11-27,1,386.49
2019-11-28,1,386.19
2019-11-29,1,386.31
2019-11-30,1,386.35
2019-12-01,1,386.35
2019-12-02,1,386.35
2019-12-03,1,386.35
2019-12-04,1,387.07
2019-12-05,1,387.48
2019-12-06,1,385.76
2019-12-07,1,384.97
2019-12-08,1,384.97
2019-12-09,1,384.97
2019-12-10,1,385.55
2019-12-11,1,386.19
2019-12-12,1,386.3
2019-12-13,1,384.63
2019-12-14,1,383.95
2019-12-15,1,383.95
2019-12-16,1,383.95
2019-12-17,1,383.95
2019-12-18,1,383.95
2019-12-19,1,384.4
2019-12-20,1,384.46
2019-12-21,1,382.99
2019-12-22,1,382.99
2019-12-23,1,382.99
2019-12-24,1,382.65
2019-12-25,1,381.56
2019-12-26,1,378.6
2019-12-27,1,378.79
2019-12-28,1,380.44
2019-12-29,1,380.44
2019-12-30,1,380.44
2019-12-31,1,381.18
2020-01-01,1,382.59
2020-01-02,1,382.59
2020-01-03,1,382.59
2020-01-04,1,382.59
2020-01-05,1,382.59
2020-01-06,1,382.14
2020-01-07,1,381.2
2020-01-08,1,381.2
2020-01-09,1,378.21
2020-01-10,1,376.5
2020-01-11,1,377.46
2020-01-12,1,377.46
2020-01-13,1,377.46
2020-01-14,1,378.06
2020-01-15,1,379.34
2020-01-16,1,379.7
2020-01-17,1,377.75
2020-01-18,1,376.51
2020-01-19,1,376.51
2020-01-20,1,376.51
2020-01-21,1,375.91
2020-01-22,1,376.42
2020-01-23,1,377.29
2020-01-24,1,377.86
2020-01-25,1,378.6
2020-01-26,1,378.6
2020-01-27,1,378.6
2020-01-28,1,380.19
2020-01-29,1,380.84
2020-01-30,1,378.86
2020-01-31,1,378.8
2020-02-01,1,379.02
2020-02-02,1,379.02
2020-02-03,1,379.02
2020-02-04,1,380.65
2020-02-05,1,379.53
2020-02-06,1,378.49
2020-02-07,1,377.56
2020-02-08,1,378.31
2020-02-09,1,378.31
2020-02-10,1,378.31
2020-02-11,1,379.04
2020-02-12,1,378.19
2020-02-13,1,376.2
2020-02-14,1,376.4
2020-02-15,1,377.19
2020-02-16,1,377.19
2020-02-17,1,377.19
2020-02-18,1,376.77
2020-02-19,1,376.84
2020-02-20,1,377.09
2020-02-21,1,376.16
2020-02-22,1,375.87
2020-02-23,1,375.87
2020-02-24,1,375.87
2020-02-25,1,376.43
2020-02-26,1,376.72
2020-02-27,1,378.36
2020-02-28,1,379.75
2020-02-29,1,381.1
2020-03-01,1,381.1
2020-03-02,1,381.1
2020-03-03,1,381.23
2020-03-04,1,380.26
2020-03-05,1,379.45
2020-03-06,1,380.53
2020-03-07,1,382.05
2020-03-08,1,382.05
2020-03-09,1,382.05
2020-03-10,1,382.05
2020-03-11,1,393.6
2020-03-12,1,394.6
2020-03-13,1,399.24
2020-03-14,1,405.46
2020-03-15,1,405.46
2020-03-16,1,405.46
2020-03-17,1,434.59
2020-03-18,1,435.85
2020-03-19,1,439.32
2020-03-20,1,448.5
2020-03-21,1,444.8
2020-03-22,1,444.8
2020-03-23,1,444.8
2020-03-24,1,444.8
2020-03-25,1,444.8
2020-03-26,1,444.8
2020-03-27,1,446.06
2020-03-28,1,445.84
2020-03-29,1,445.84
2020-03-30,1,445.84
